<customapi uniquename="vaak_API">
  <allowedcustomprocessingsteptype>0</allowedcustomprocessingsteptype>
  <bindingtype>0</bindingtype>
  <description default="CallGETAPI">
    <label description="CallGETAPI" languagecode="1033" />
  </description>
  <displayname default="API_Get">
    <label description="API_Get" languagecode="1033" />
  </displayname>
  <iscustomizable>1</iscustomizable>
  <isfunction>0</isfunction>
  <isprivate>0</isprivate>
  <name>APIGet</name>
  <workflowsdkstepenabled>0</workflowsdkstepenabled>
</customapi>